id,parentId,name,description,url
1,,宫崎骏 H,https://img3.doubanio.com/view/celebrity/s_ratio_celebrity/public/p616.webp,/people/1054439/
2,1,魔女宅急便,https://img3.doubanio.com/view/photo/s_ratio_poster/public/p456676352.webp,/movie/1307811/
3,2,池水通洋 ,https://img3.doubanio.com/view/celebrity/s_ratio_celebrity/public/p1469107516.26.webp,/people/1003951/
4,3,福星小子3,https://img3.doubanio.com/view/photo/s_ratio_poster/public/p456867633.webp,/movie/3111977/
5,4,平野文 F,https://img3.doubanio.com/view/celebrity/s_ratio_celebrity/public/p46256.webp,/people/1046696/
6,5,鲁邦三世：,https://img3.doubanio.com/view/photo/s_ratio_poster/public/p453827766.webp,/movie/1962621/
9,4,村山明 A,https://img3.doubanio.com/view/celebrity/s_ratio_celebrity/public/p1531965828.52.webp,/people/1003224/
10,9,福星小子6,https://img1.doubanio.com/view/photo/s_ratio_poster/public/p2327574399.webp,/movie/3112021/
14,3,福星小子 ,https://img1.doubanio.com/view/photo/s_ratio_poster/public/p2528358248.webp,/movie/3858865/
15,14,小宫和枝 ,https://img3.doubanio.com/view/celebrity/s_ratio_celebrity/public/p1453460952.81.webp,/people/1013038/
16,15,棒球英豪-,https://img3.doubanio.com/view/photo/s_ratio_poster/public/p2518596281.webp,/movie/3035711/
20,3,福星小子4,https://img3.doubanio.com/view/subject/l/public/s4618183.jpg,/movie/3111990/
21,20,高桥留美子,https://img3.doubanio.com/view/celebrity/s_ratio_celebrity/public/p23713.webp,/people/1156097/
22,21,相聚一刻　,https://img1.doubanio.com/view/subject/l/public/s4627767.jpg,/movie/5967312/
25,20,鹫尾真知子,https://img1.doubanio.com/view/celebrity/s_ratio_celebrity/public/p37699.webp,/people/1020749/
26,25,像那样的东,https://img1.doubanio.com/view/photo/s_ratio_poster/public/p1401971959.webp,/movie/1845757/
31,2,马修·劳伦,https://img1.doubanio.com/view/celebrity/s_ratio_celebrity/public/p1426668576.78.webp,/people/1004608/
32,31,妖夜传说 ,https://img3.doubanio.com/view/photo/s_ratio_poster/public/p2347308932.webp,/movie/1294697/
33,32,黛布拉·哈,https://img3.doubanio.com/view/celebrity/s_ratio_celebrity/public/p1434731810.95.webp,/people/1009417/
34,33,狂野的青春,https://img3.doubanio.com/view/photo/s_ratio_poster/public/p2535528923.webp,/movie/1308954/
38,31,落难见真情,https://img3.doubanio.com/view/photo/s_ratio_poster/public/p531105921.webp,/movie/1301775/
39,38,奥利维娅·,https://img1.doubanio.com/view/celebrity/s_ratio_celebrity/public/p1530697663.29.webp,/people/1073942/
40,39,玉米田的小,https://img3.doubanio.com/view/photo/s_ratio_poster/public/p2334532803.webp,/movie/3759617/
43,38,约翰·休斯,https://img1.doubanio.com/view/celebrity/s_ratio_celebrity/public/p1418218047.7.webp,/people/1004657/
44,43,春天不是读,https://img3.doubanio.com/view/photo/s_ratio_poster/public/p1382118133.webp,/movie/1295437/
47,38,伊迪·迈克,https://img3.doubanio.com/view/celebrity/s_ratio_celebrity/public/p48201.webp,/people/1114886/
48,47,变装大师 ,https://img3.doubanio.com/view/photo/s_ratio_poster/public/p2513254702.webp,/movie/1308411/
52,31,粉骚大联盟,https://img3.doubanio.com/view/photo/s_ratio_poster/public/p2515824731.webp,/movie/1297679/
53,52,芭芭拉拉德,https://img3.doubanio.com/view/celebrity/s_ratio_celebrity/public/p1363525041.94.webp,/people/1295113/
54,53,年度人物 ,https://img3.doubanio.com/view/photo/s_ratio_poster/public/p1115312460.webp,/movie/1866213/
57,52,文森特·卡,https://img3.doubanio.com/view/celebrity/s_ratio_celebrity/public/p40432.webp,/people/1044892/
58,57,蒲公英 D,https://img1.doubanio.com/view/photo/s_ratio_poster/public/p1077788998.webp,/movie/1758333/
62,31,窈窕奶爸 ,https://img3.doubanio.com/view/photo/s_ratio_poster/public/p2177818413.webp,/movie/1295006/
63,62,罗宾·威廉,https://img3.doubanio.com/view/celebrity/s_ratio_celebrity/public/p103.webp,/people/1009241/
64,63,阿拉丁和大,https://img3.doubanio.com/view/photo/s_ratio_poster/public/p1838171112.webp,/movie/1299097/
67,62,特伦斯·麦,https://img1.doubanio.com/view/celebrity/s_ratio_celebrity/public/p1371902932.29.webp,/people/1118435/
68,67,舞星争艳 ,https://img3.doubanio.com/view/photo/s_ratio_poster/public/p2511601584.webp,/movie/1301393/
73,2,凯斯·索西,https://img3.doubanio.com/view/celebrity/s_ratio_celebrity/public/p14110.webp,/people/1154840/
74,73,小熊维尼：,https://img3.doubanio.com/view/photo/s_ratio_poster/public/p2513532251.webp,/movie/1444578/
75,74,吉姆·库宁,https://img3.doubanio.com/view/celebrity/s_ratio_celebrity/public/p12432.webp,/people/1040525/
76,75,灵狼传奇 ,https://img3.doubanio.com/view/photo/s_ratio_poster/public/p2456051773.webp,/movie/26210985/
79,74,布莱恩·霍,https://img3.doubanio.com/f/movie/8dd0c794499fe925ae2ae89ee30cd225750457b4/pics/movie/celebrity-default-medium.png,/people/1286792/
80,79,欢喜俏冤家,https://img3.doubanio.com/view/photo/s_ratio_poster/public/p2534392364.webp,/movie/1301400/
84,73,汤姆与杰瑞,https://img3.doubanio.com/view/photo/s_ratio_poster/public/p2240838874.webp,/movie/5045680/
85,84,Joe A,https://img3.doubanio.com/f/movie/8dd0c794499fe925ae2ae89ee30cd225750457b4/pics/movie/celebrity-default-medium.png,/people/1059676/
86,85,小鬼闯巴黎,https://img3.doubanio.com/view/photo/s_ratio_poster/public/p2331627551.webp,/movie/1297701/
89,84,杰夫·伯格,https://img3.doubanio.com/view/celebrity/s_ratio_celebrity/public/p1540976642.25.webp,/people/1009935/
90,89,猫和老鼠：,https://img1.doubanio.com/view/photo/s_ratio_poster/public/p2465736389.webp,/movie/27046372/
94,73,变身国王2,https://img3.doubanio.com/view/photo/s_ratio_poster/public/p2280548175.webp,/movie/1449894/
95,94,大卫·斯佩,https://img3.doubanio.com/view/celebrity/s_ratio_celebrity/public/p13593.webp,/people/1010541/
96,95,乔迪尔特历,https://img3.doubanio.com/view/photo/s_ratio_poster/public/p2373969546.webp,/movie/1305568/
101,2,黛比·戴瑞,https://img1.doubanio.com/view/celebrity/s_ratio_celebrity/public/p1453193723.17.webp,/people/1085361/
102,101,母牛总动员,https://img3.doubanio.com/view/photo/s_ratio_poster/public/p1630614035.webp,/movie/1308794/
103,102,Randy,https://img3.doubanio.com/f/movie/8dd0c794499fe925ae2ae89ee30cd225750457b4/pics/movie/celebrity-default-medium.png,/people/1085614/
105,102,杰森·莱斯,https://img3.doubanio.com/view/celebrity/s_ratio_celebrity/public/p1497520667.64.webp,/people/1375622/
106,105,超人集中营,https://img3.doubanio.com/view/photo/s_ratio_poster/public/p2193565854.webp,/movie/1811755/
109,102,Jorda,https://img3.doubanio.com/f/movie/8dd0c794499fe925ae2ae89ee30cd225750457b4/pics/movie/celebrity-default-medium.png,/people/1193064/
110,109,别惹蚂蚁 ,https://img3.doubanio.com/view/photo/s_ratio_poster/public/p1096547573.webp,/movie/1482079/
115,2,佐久间玲 ,https://img3.doubanio.com/view/celebrity/s_ratio_celebrity/public/p1352733960.83.webp,/people/1014989/
116,115,大雄的怀念,https://img3.doubanio.com/view/photo/s_ratio_poster/public/p2369337420.webp,/movie/10461356/
117,116,藤子·F·,https://img3.doubanio.com/view/celebrity/s_ratio_celebrity/public/p22012.webp,/people/1085164/
118,117,哆啦A梦：,https://img1.doubanio.com/view/photo/s_ratio_poster/public/p2520700977.webp,/movie/1458897/
121,116,野村道子 ,https://img3.doubanio.com/view/celebrity/s_ratio_celebrity/public/p1360938593.51.webp,/people/1003896/
122,121,哆啦A梦：,https://img1.doubanio.com/view/photo/s_ratio_poster/public/p2520702618.webp,/movie/1458907/
127,2,丸山裕子 ,https://img1.doubanio.com/view/celebrity/s_ratio_celebrity/public/p1503459393.68.webp,/people/1031175/
128,127,福星小子1,https://img1.doubanio.com/view/photo/s_ratio_poster/public/p456866068.webp,/movie/1918439/
129,128,岛津冴子 ,https://img3.doubanio.com/view/celebrity/s_ratio_celebrity/public/p1357743632.42.webp,/people/1053652/
130,129,福星小子 ,https://img3.doubanio.com/view/subject/l/public/s3808456.jpg,/movie/3758550/
135,2,帕梅拉·阿,https://img1.doubanio.com/view/celebrity/s_ratio_celebrity/public/p21887.webp,/people/1143044/
136,135,小叮当与海,https://img1.doubanio.com/view/photo/s_ratio_poster/public/p2161798908.webp,/movie/20552089/
137,136,杰弗里·M,https://img3.doubanio.com/view/celebrity/s_ratio_celebrity/public/p1507685195.22.webp,/people/1011329/
138,137,小叮当：拯,https://img1.doubanio.com/view/photo/s_ratio_poster/public/p2501664599.webp,/movie/3036469/
141,136,简·霍洛克,https://img3.doubanio.com/view/celebrity/s_ratio_celebrity/public/p8295.webp,/people/1014047/
142,141,歌厅 Ca,https://img3.doubanio.com/view/photo/s_ratio_poster/public/p2514836300.webp,/movie/4047130/
146,135,小叮当 T,https://img1.doubanio.com/view/photo/s_ratio_poster/public/p2501660759.webp,/movie/1859845/
147,146,亚美莉卡·,https://img1.doubanio.com/view/celebrity/s_ratio_celebrity/public/p1507684419.09.webp,/people/1037260/
148,147,遗弃 Ab,https://img3.doubanio.com/view/photo/s_ratio_poster/public/p721927864.webp,/movie/4091053/
151,146,盖尔·博尔,https://img1.doubanio.com/view/celebrity/s_ratio_celebrity/public/p1507684307.08.webp,/people/1382347/
153,146,布拉德利·,https://img1.doubanio.com/view/celebrity/s_ratio_celebrity/public/p1384348731.27.webp,/people/1295306/
154,153,米老鼠温馨,https://img3.doubanio.com/view/photo/s_ratio_poster/public/p2358903042.webp,/movie/3056637/
158,135,油脂2 G,https://img3.doubanio.com/view/photo/s_ratio_poster/public/p2516921072.webp,/movie/1301461/
159,158,Fredd,https://img3.doubanio.com/f/movie/8dd0c794499fe925ae2ae89ee30cd225750457b4/pics/movie/celebrity-default-medium.png,/people/1286573/
160,159,机器战警 ,https://img1.doubanio.com/view/photo/s_ratio_poster/public/p1445879319.webp,/movie/1294791/
163,158,Lucin,https://img3.doubanio.com/view/celebrity/s_ratio_celebrity/public/p1363358949.3.webp,/people/1079408/
164,163,霹雳舞2 ,https://img3.doubanio.com/view/photo/s_ratio_poster/public/p2504707146.webp,/movie/2277404/
168,135,2018第,https://img3.doubanio.com/view/photo/s_ratio_poster/public/p2509867523.webp,/movie/27388936/
169,168,米歇尔·威,https://img1.doubanio.com/view/celebrity/s_ratio_celebrity/public/p20908.webp,/people/1049491/
170,169,月光光心慌,https://img3.doubanio.com/view/photo/s_ratio_poster/public/p2177128266.webp,/movie/1296006/
173,168,克里斯托弗,https://img3.doubanio.com/view/celebrity/s_ratio_celebrity/public/p42033.webp,/people/1036321/
174,173,国家宝藏 ,https://img3.doubanio.com/view/photo/s_ratio_poster/public/p1741812282.webp,/movie/1308848/
180,1,天空之城 ,https://img1.doubanio.com/view/photo/s_ratio_poster/public/p1446261379.webp,/movie/1291583/
181,180,迈克尔·麦,https://img1.doubanio.com/view/celebrity/s_ratio_celebrity/public/p1517473941.79.webp,/people/1116234/
182,181,小富翁里奇,https://img1.doubanio.com/view/photo/s_ratio_poster/public/p2191234398.webp,/movie/1304269/
183,182,马特·德卡,https://img3.doubanio.com/view/celebrity/s_ratio_celebrity/public/p56932.webp,/people/1323579/
184,183,鹰眼 Ea,https://img1.doubanio.com/view/photo/s_ratio_poster/public/p620088759.webp,/movie/2264715/
187,182,麦考利·卡,https://img3.doubanio.com/view/celebrity/s_ratio_celebrity/public/p25823.webp,/people/1049493/
188,187,天伦乐 R,https://img3.doubanio.com/view/photo/s_ratio_poster/public/p2384559035.webp,/movie/1963055/
192,181,大麻烦 B,https://img3.doubanio.com/view/photo/s_ratio_poster/public/p2198506493.webp,/movie/1300718/
193,192,Jesse,https://img3.doubanio.com/f/movie/8dd0c794499fe925ae2ae89ee30cd225750457b4/pics/movie/celebrity-default-medium.png,/people/1240808/
194,193,神探飞机头,https://img1.doubanio.com/view/photo/s_ratio_poster/public/p2135646649.webp,/movie/2133289/
198,181,盖娜 Ka,https://img3.doubanio.com/view/photo/s_ratio_poster/public/p970710252.webp,/movie/1306311/
199,198,理查德·哈,https://img3.doubanio.com/view/celebrity/s_ratio_celebrity/public/p1490090346.94.webp,/people/1027172/
200,199,杀人鲸 O,https://img3.doubanio.com/view/photo/s_ratio_poster/public/p2414097525.webp,/movie/1306892/
203,198,塞西尔·德,https://img1.doubanio.com/view/celebrity/s_ratio_celebrity/public/p12539.webp,/people/1009435/
204,203,头号公敌 ,https://img3.doubanio.com/view/photo/s_ratio_poster/public/p997710824.webp,/movie/3199971/
207,198,格雷格·普,https://img1.doubanio.com/view/celebrity/s_ratio_celebrity/public/p27488.webp,/people/1133824/
208,207,地狱归来 ,https://img3.doubanio.com/view/photo/s_ratio_poster/public/p2266356793.webp,/movie/10746041/
212,181,侠盗王子罗,https://img1.doubanio.com/view/photo/s_ratio_poster/public/p1629602607.webp,/movie/1294111/
213,212,沃尔特·斯,https://img1.doubanio.com/view/celebrity/s_ratio_celebrity/public/p55399.webp,/people/1159632/
214,213,简爱 Ja,https://img3.doubanio.com/view/photo/s_ratio_poster/public/p1031910290.webp,/movie/1422992/
217,212,摩根·弗里,https://img3.doubanio.com/view/celebrity/s_ratio_celebrity/public/p34642.webp,/people/1054534/
218,217,第83届奥,https://img3.doubanio.com/view/subject/l/public/s4651195.jpg,/movie/4889194/
221,212,凯文·科斯,https://img3.doubanio.com/view/celebrity/s_ratio_celebrity/public/p34511.webp,/people/1016671/
222,221,梦幻之地 ,https://img1.doubanio.com/view/photo/s_ratio_poster/public/p2359749557.webp,/movie/1294070/
226,181,邪恶新世界,https://img3.doubanio.com/view/photo/s_ratio_poster/public/p2527594794.webp,/movie/1918601/
227,226,汤姆·肯尼,https://img3.doubanio.com/view/celebrity/s_ratio_celebrity/public/p7730.webp,/people/1113456/
228,227,海绵宝宝 ,https://img3.doubanio.com/view/photo/s_ratio_poster/public/p2282934200.webp,/movie/11808948/
231,226,乔治·卡林,https://img3.doubanio.com/view/celebrity/s_ratio_celebrity/public/p53115.webp,/people/1048174/
232,231,卡林在卡内,https://img3.doubanio.com/view/photo/s_ratio_poster/public/p2180945884.webp,/movie/5143046/
235,226,乔·鲍里托,https://img3.doubanio.com/view/celebrity/s_ratio_celebrity/public/p12442.webp,/people/1014041/
236,235,缺席的人 ,https://img3.doubanio.com/view/photo/s_ratio_poster/public/p2363366612.webp,/movie/1306032/
241,180,安原义人 ,https://img1.doubanio.com/view/celebrity/s_ratio_celebrity/public/p1360988830.68.webp,/people/1043649/
242,241,海贼王剧场,https://img1.doubanio.com/view/photo/s_ratio_poster/public/p2300516479.webp,/movie/3263410/
243,242,大本真基子,https://img3.doubanio.com/view/celebrity/s_ratio_celebrity/public/pe4sJoEb68z8cel_avatar_uploaded1372988779.36.webp,/people/1330948/
244,243,飞天小女警,https://img1.doubanio.com/view/photo/s_ratio_poster/public/p2455135837.webp,/movie/2054440/
247,242,八奈见乘儿,https://img3.doubanio.com/view/celebrity/s_ratio_celebrity/public/p30524.webp,/people/1050874/
248,247,龙珠Z剧场,https://img3.doubanio.com/view/photo/s_ratio_poster/public/p2195432835.webp,/movie/3529055/
252,241,王立宇宙军,https://img1.doubanio.com/view/photo/s_ratio_poster/public/p454158267.webp,/movie/1476248/
253,252,Kevin,https://img3.doubanio.com/f/movie/8dd0c794499fe925ae2ae89ee30cd225750457b4/pics/movie/celebrity-default-medium.png,/people/1289345/
254,253,兽兵卫忍风,https://img3.doubanio.com/view/photo/s_ratio_poster/public/p456518164.webp,/movie/1421884/
258,241,加州危机 ,https://img1.doubanio.com/view/photo/s_ratio_poster/public/p2516625568.webp,/movie/5031412/
259,258,西久保瑞穗,https://img3.doubanio.com/view/celebrity/s_ratio_celebrity/public/p25883.webp,/people/1015961/
260,259,宫本武藏：,https://img1.doubanio.com/view/photo/s_ratio_poster/public/p1762816109.webp,/movie/3258799/
264,241,战区88 ,https://img3.doubanio.com/view/photo/s_ratio_poster/public/p453910383.webp,/movie/1787582/
265,264,古川登志夫,https://img3.doubanio.com/view/celebrity/s_ratio_celebrity/public/p20411.webp,/people/1012736/
266,265,机动战士Z,https://img1.doubanio.com/view/photo/s_ratio_poster/public/p2239352837.webp,/movie/1456194/
270,241,河童之夏 ,https://img3.doubanio.com/view/photo/s_ratio_poster/public/p1015305516.webp,/movie/2982823/
271,270,富泽风斗 ,https://img3.doubanio.com/view/celebrity/s_ratio_celebrity/public/p1366079870.02.webp,/people/1321642/
272,271,意外的幸运,https://img3.doubanio.com/view/photo/s_ratio_poster/public/p628018540.webp,/movie/4934987/
275,270,柳乐健一 ,https://img3.doubanio.com/view/celebrity/s_ratio_celebrity/public/p1504084739.73.webp,/people/1004077/
276,275,哥斯拉20,https://img3.doubanio.com/view/photo/s_ratio_poster/public/p2180197230.webp,/movie/1307591/
281,180,约翰·德米,https://img3.doubanio.com/view/celebrity/s_ratio_celebrity/public/p1499915524.0.webp,/people/1081536/
282,281,无敌钢铁侠,https://img3.doubanio.com/view/photo/s_ratio_poster/public/p2178044844.webp,/movie/1959117/
283,282,约翰·麦库,https://img3.doubanio.com/view/celebrity/s_ratio_celebrity/public/p14282.webp,/people/1018258/
285,282,詹姆士·谢,https://img3.doubanio.com/view/celebrity/s_ratio_celebrity/public/p1508993853.15.webp,/people/1142649/
286,285,幽灵世界 ,https://img1.doubanio.com/view/photo/s_ratio_poster/public/p924741559.webp,/movie/1304868/
289,282,斯坦·李 ,https://img3.doubanio.com/view/celebrity/s_ratio_celebrity/public/p2315.webp,/people/1013888/
290,289,蚁人2：黄,https://img1.doubanio.com/view/photo/s_ratio_poster/public/p2529389608.webp,/movie/26636712/
294,281,绿毛怪格林,https://img1.doubanio.com/view/photo/s_ratio_poster/public/p2539666559.webp,/movie/23774869/
295,294,潘粤明 Y,https://img3.doubanio.com/view/celebrity/s_ratio_celebrity/public/p4376.webp,/people/1046960/
296,295,极度险情,https://img3.doubanio.com/view/photo/s_ratio_poster/public/p2534824906.webp,/movie/2377247/
299,294,山姆·拉瓦,https://img3.doubanio.com/view/celebrity/s_ratio_celebrity/public/p1490587880.4.webp,/people/1371065/
300,299,盒子怪 T,https://img3.doubanio.com/view/photo/s_ratio_poster/public/p2195254744.webp,/movie/21350559/
304,281,魔性菩萨 ,https://img3.doubanio.com/view/photo/s_ratio_poster/public/p2543595656.webp,/movie/3268086/
305,304,神户守 M,https://img3.doubanio.com/view/celebrity/s_ratio_celebrity/public/pF0ZAYNnA8Y4cel_avatar_uploaded1441507834.46.webp,/people/1351628/
306,305,忍者龙剑传,https://img1.doubanio.com/view/subject/l/public/s4072769.jpg,/movie/2263098/
310,281,A计划 A,https://img1.doubanio.com/view/photo/s_ratio_poster/public/p945210238.webp,/movie/1297909/
311,310,吴勉勤 N,https://img3.doubanio.com/view/celebrity/s_ratio_celebrity/public/p1455791082.5.webp,/people/1326358/
312,311,六指琴魔,https://img3.doubanio.com/view/photo/s_ratio_poster/public/p2219052072.webp,/movie/1300265/
315,310,冯雪瑞 H,https://img1.doubanio.com/view/celebrity/s_ratio_celebrity/public/p1370492263.8.webp,/people/1329826/
316,315,新天龙八部,https://img3.doubanio.com/view/photo/s_ratio_poster/public/p2213294053.webp,/movie/3047973/
319,310,洪金宝 S,https://img3.doubanio.com/view/celebrity/s_ratio_celebrity/public/p1382591076.43.webp,/people/1055887/
320,319,飞龙猛将 ,https://img1.doubanio.com/view/photo/s_ratio_poster/public/p1994755138.webp,/movie/1300714/
324,281,宇宙骑士 ,https://img1.doubanio.com/view/photo/s_ratio_poster/public/p947999288.webp,/movie/1779383/
325,324,斯科特·门,https://img3.doubanio.com/view/celebrity/s_ratio_celebrity/public/p57925.webp,/people/1120547/
326,325,蜘蛛侠：平,https://img3.doubanio.com/view/photo/s_ratio_poster/public/p2542867516.webp,/movie/26374197/
331,180,安娜·帕奎,https://img3.doubanio.com/view/celebrity/s_ratio_celebrity/public/p1533887023.04.webp,/people/1012515/
332,331,恐龙当家 ,https://img3.doubanio.com/view/photo/s_ratio_poster/public/p2267430045.webp,/movie/6875863/
333,332,史蒂夫·茨,https://img3.doubanio.com/view/celebrity/s_ratio_celebrity/public/p7723.webp,/people/1035639/
334,333,撒哈拉 S,https://img3.doubanio.com/view/photo/s_ratio_poster/public/p895397403.webp,/movie/1309031/
337,332,A·J·巴,https://img1.doubanio.com/view/celebrity/s_ratio_celebrity/public/p26989.webp,/people/1071136/
338,337,女人百态 ,https://img1.doubanio.com/view/photo/s_ratio_poster/public/p2497389498.webp,/movie/1304025/
342,331,蛮牛战士 ,https://img3.doubanio.com/view/photo/s_ratio_poster/public/p789851951.webp,/movie/1306871/
343,342,艾德·哈里,https://img3.doubanio.com/view/celebrity/s_ratio_celebrity/public/p1485163747.76.webp,/people/1048024/
344,343,波洛克 P,https://img1.doubanio.com/view/photo/s_ratio_poster/public/p2191667658.webp,/movie/1303274/
348,331,她是我的全,https://img3.doubanio.com/view/photo/s_ratio_poster/public/p522182431.webp,/movie/1298489/
349,348,Charl,https://img3.doubanio.com/f/movie/8dd0c794499fe925ae2ae89ee30cd225750457b4/pics/movie/celebrity-default-medium.png,/people/1087869/
350,349,老公出差 ,https://img1.doubanio.com/view/photo/s_ratio_poster/public/p2376731407.webp,/movie/1299476/
353,348,斯科特·希,https://img3.doubanio.com/view/celebrity/s_ratio_celebrity/public/p12104.webp,/people/1100759/
354,353,亚当和斯蒂,https://img3.doubanio.com/view/photo/s_ratio_poster/public/p2514131270.webp,/movie/1866099/
358,331,月球漫步 ,https://img3.doubanio.com/view/photo/s_ratio_poster/public/p2486070512.webp,/movie/1295017/
359,358,托尼·戈德,https://img3.doubanio.com/view/celebrity/s_ratio_celebrity/public/p1494090198.55.webp,/people/1048151/
360,359,似曾相识 ,https://img1.doubanio.com/view/photo/s_ratio_poster/public/p2488818717.webp,/movie/1302345/
363,358,列维·施瑞,https://img3.doubanio.com/view/celebrity/s_ratio_celebrity/public/p5501.webp,/people/1027151/
364,363,色衰应召男,https://img3.doubanio.com/view/photo/s_ratio_poster/public/p2165855846.webp,/movie/10537891/
367,358,艾伦·大卫,https://img1.doubanio.com/view/celebrity/s_ratio_celebrity/public/p1488354719.27.webp,/people/1280977/
368,367,九条命 N,https://img3.doubanio.com/view/photo/s_ratio_poster/public/p2378310691.webp,/movie/26314816/
372,331,钢琴课 T,https://img3.doubanio.com/view/photo/s_ratio_poster/public/p764799071.webp,/movie/1293818/
373,372,霍利·亨特,https://img3.doubanio.com/view/celebrity/s_ratio_celebrity/public/p48614.webp,/people/1031838/
374,373,抚养亚利桑,https://img3.doubanio.com/view/photo/s_ratio_poster/public/p2203813792.webp,/movie/1293276/
377,372,吉娜维夫·,https://img3.doubanio.com/view/celebrity/s_ratio_celebrity/public/p1488347199.22.webp,/people/1289782/
378,377,圣烟 Ho,https://img1.doubanio.com/view/photo/s_ratio_poster/public/p2504001309.webp,/movie/1301719/
384,1,龙猫 とな,https://img3.doubanio.com/view/photo/s_ratio_poster/public/p2540924496.webp,/movie/1291560/
385,384,千叶繁 S,https://img3.doubanio.com/view/celebrity/s_ratio_celebrity/public/p5803.webp,/people/1008229/
386,385,幽游白书：,https://img3.doubanio.com/view/photo/s_ratio_poster/public/p456753124.webp,/movie/3592691/
387,386,克里斯托弗,https://img1.doubanio.com/view/celebrity/s_ratio_celebrity/public/p1548741547.37.webp,/people/1147046/
388,387,龙珠Z剧场,https://img1.doubanio.com/view/photo/s_ratio_poster/public/p2195439619.webp,/movie/3271272/
392,385,棒球英豪 ,https://img3.doubanio.com/view/photo/s_ratio_poster/public/p2518595090.webp,/movie/3126141/
393,392,三矢雄二 ,https://img3.doubanio.com/view/celebrity/s_ratio_celebrity/public/p9785.webp,/people/1030834/
394,393,无限地带2,https://img1.doubanio.com/view/photo/s_ratio_poster/public/p456693928.webp,/movie/2160334/
399,384,糸井重里 ,https://img3.doubanio.com/view/celebrity/s_ratio_celebrity/public/p1503457262.72.webp,/people/1379738/
401,384,广濑正志 ,https://img3.doubanio.com/view/celebrity/s_ratio_celebrity/public/p1503459242.71.webp,/people/1043679/
402,401,修罗之介斩,https://img3.doubanio.com/view/photo/s_ratio_poster/public/p2518588111.webp,/movie/5212000/
403,402,水谷优子 ,https://img3.doubanio.com/view/celebrity/s_ratio_celebrity/public/p21171.webp,/people/1118042/
404,403,剧场版 天,https://img3.doubanio.com/view/photo/s_ratio_poster/public/p456721770.webp,/movie/2382479/
407,402,松尾银三 ,https://img3.doubanio.com/f/movie/8dd0c794499fe925ae2ae89ee30cd225750457b4/pics/movie/celebrity-default-medium.png,/people/1015453/
408,407,蜡笔小新之,https://img3.doubanio.com/view/photo/s_ratio_poster/public/p2507164631.webp,/movie/2333699/
411,402,稻叶实 M,https://img1.doubanio.com/view/celebrity/s_ratio_celebrity/public/p1522126302.09.webp,/people/1109164/
412,411,秀逗魔导士,https://img3.doubanio.com/view/photo/s_ratio_poster/public/p2528342600.webp,/movie/1782622/
417,384,秦岚 La,https://img3.doubanio.com/view/celebrity/s_ratio_celebrity/public/p1403271420.62.webp,/people/1274294/
418,417,寻找成龙,https://img3.doubanio.com/view/photo/s_ratio_poster/public/p1570157302.webp,/movie/3737278/
419,418,元华 Wa,https://img3.doubanio.com/view/celebrity/s_ratio_celebrity/public/p3250.webp,/people/1050240/
420,419,大轮回 大,https://img3.doubanio.com/view/photo/s_ratio_poster/public/p2070049155.webp,/movie/1299670/
423,418,林威 Wa,https://img1.doubanio.com/view/celebrity/s_ratio_celebrity/public/p36638.webp,/people/1289306/
424,423,开心大冒险,https://img3.doubanio.com/view/photo/s_ratio_poster/public/p1340288166.webp,/movie/7065352/
428,417,泡芙小姐,https://img3.doubanio.com/view/photo/s_ratio_poster/public/p2508918510.webp,/movie/26944076/
429,428,张歆艺 X,https://img3.doubanio.com/view/celebrity/s_ratio_celebrity/public/p40191.webp,/people/1275455/
430,429,过年好,https://img3.doubanio.com/view/photo/s_ratio_poster/public/p2312432460.webp,/movie/26698301/
434,417,庐山恋20,https://img3.doubanio.com/view/photo/s_ratio_poster/public/p1325483962.webp,/movie/4728507/
435,434,李添诺 T,https://img3.doubanio.com/view/celebrity/s_ratio_celebrity/public/p1379391920.96.webp,/people/1334556/
437,434,速曼 Ma,https://img3.doubanio.com/f/movie/8dd0c794499fe925ae2ae89ee30cd225750457b4/pics/movie/celebrity-default-medium.png,/people/1337221/
441,384,石田光子 ,https://img3.doubanio.com/f/movie/8dd0c794499fe925ae2ae89ee30cd225750457b4/pics/movie/celebrity-default-medium.png,/people/1379741/
443,384,达科塔·范,https://img3.doubanio.com/view/celebrity/s_ratio_celebrity/public/p28311.webp,/people/1013785/
444,443,好女孩 V,https://img3.doubanio.com/view/photo/s_ratio_poster/public/p2186839273.webp,/movie/6854740/
445,444,菲尼斯·埃,https://img3.doubanio.com/view/celebrity/s_ratio_celebrity/public/p1357976201.06.webp,/people/1247192/
446,445,杀死汝爱 ,https://img3.doubanio.com/view/photo/s_ratio_poster/public/p2107622241.webp,/movie/10453731/
449,444,波伊德·霍,https://img3.doubanio.com/view/celebrity/s_ratio_celebrity/public/p1473866362.76.webp,/people/1053504/
450,449,铁血战士 ,https://img3.doubanio.com/view/photo/s_ratio_poster/public/p2537399580.webp,/movie/25917789/
456,1,红猪 紅の,https://img1.doubanio.com/view/photo/s_ratio_poster/public/p1637195728.webp,/movie/1291838/
457,456,比尔·法玛,https://img1.doubanio.com/view/celebrity/s_ratio_celebrity/public/p1503306005.49.webp,/people/1283454/
458,457,玩具总动员,https://img3.doubanio.com/view/photo/s_ratio_poster/public/p1283688673.webp,/movie/1291574/
459,458,彼特·道格,https://img1.doubanio.com/view/celebrity/s_ratio_celebrity/public/p1288.webp,/people/1022803/
460,459,飞屋环游记,https://img3.doubanio.com/view/photo/s_ratio_poster/public/p2364094053.webp,/movie/2129039/
463,458,华莱士·肖,https://img3.doubanio.com/view/celebrity/s_ratio_celebrity/public/p5713.webp,/people/1040504/
464,463,反转加拿大,https://img3.doubanio.com/view/photo/s_ratio_poster/public/p2515137216.webp,/movie/1305482/
468,457,熊的传说 ,https://img1.doubanio.com/view/photo/s_ratio_poster/public/p850812849.webp,/movie/1308281/
469,468,海尔德·高,https://img3.doubanio.com/view/celebrity/s_ratio_celebrity/public/p6745.webp,/people/1036603/
470,469,辣妈辣妹 ,https://img3.doubanio.com/view/photo/s_ratio_poster/public/p899519652.webp,/movie/1307955/
473,468,邦坡尔·罗,https://img1.doubanio.com/view/celebrity/s_ratio_celebrity/public/p1497252510.17.webp,/people/1142761/
474,473,第五惑星 ,https://img1.doubanio.com/view/photo/s_ratio_poster/public/p1393881448.webp,/movie/1297685/
477,468,爱丝黛儿·,https://img3.doubanio.com/view/celebrity/s_ratio_celebrity/public/p1520297900.66.webp,/people/1091457/
478,477,金玉良言 ,https://img3.doubanio.com/view/subject/l/public/s7054026.jpg,/movie/1831107/
484,1,鲁邦三世：,https://img1.doubanio.com/view/photo/s_ratio_poster/public/p1446259907.webp,/movie/1432436/
485,484,增山江威子,https://img3.doubanio.com/view/celebrity/s_ratio_celebrity/public/p1388051623.85.webp,/people/1046660/
486,485,鲁邦三世：,https://img3.doubanio.com/view/photo/s_ratio_poster/public/p2528236430.webp,/movie/3306095/
487,486,五十岚丽 ,https://img1.doubanio.com/view/celebrity/s_ratio_celebrity/public/p1379766139.7.webp,/people/1313250/
488,487,欢迎光临宇,https://img3.doubanio.com/view/photo/s_ratio_poster/public/p894749655.webp,/movie/4202081/
491,486,加藤一彦 ,https://img3.doubanio.com/view/celebrity/s_ratio_celebrity/public/p1462850584.01.webp,/people/1019863/
492,491,鲁邦三世：,https://img3.doubanio.com/view/photo/s_ratio_poster/public/p2476825610.webp,/movie/3315628/
496,485,鲁邦三世：,https://img3.doubanio.com/view/photo/s_ratio_poster/public/p2516922945.webp,/movie/3142081/
497,496,栗田贯一 ,https://img3.doubanio.com/view/celebrity/s_ratio_celebrity/public/p49620.webp,/people/1035745/
498,497,鲁邦三世：,https://img1.doubanio.com/view/photo/s_ratio_poster/public/p2476832077.webp,/movie/3550896/
501,496,银河万丈 ,https://img1.doubanio.com/view/celebrity/s_ratio_celebrity/public/p5808.webp,/people/1042350/
502,501,视而不见 ,https://img3.doubanio.com/view/photo/s_ratio_poster/public/p1572888053.webp,/movie/10574475/
505,496,小林清志 ,https://img3.doubanio.com/view/celebrity/s_ratio_celebrity/public/p1388051752.71.webp,/people/1017061/
506,505,鲁邦三世V,https://img3.doubanio.com/view/photo/s_ratio_poster/public/p2162543461.webp,/movie/24298212/
510,485,动物金银岛,https://img3.doubanio.com/view/subject/l/public/s1488543.jpg,/movie/1470585/
511,510,小池朝雄 ,https://img3.doubanio.com/view/celebrity/s_ratio_celebrity/public/p38253.webp,/people/1034488/
512,511,御用牙 鬼,https://img1.doubanio.com/view/photo/s_ratio_poster/public/p2510278069.webp,/movie/1583291/
515,510,永井一郎 ,https://img3.doubanio.com/view/celebrity/s_ratio_celebrity/public/p49833.webp,/people/1054358/
516,515,哆啦A梦：,https://img3.doubanio.com/view/photo/s_ratio_poster/public/p2520702800.webp,/movie/1438591/
521,484,岛本须美 ,https://img3.doubanio.com/view/celebrity/s_ratio_celebrity/public/p1356199849.63.webp,/people/1037668/
522,521,青山刚昌短,https://img1.doubanio.com/view/photo/s_ratio_poster/public/p2510981937.webp,/movie/4097142/
523,522,山口胜平 ,https://img3.doubanio.com/view/celebrity/s_ratio_celebrity/public/p1409588765.01.webp,/people/1018954/
524,523,乱马 OV,https://img3.doubanio.com/view/photo/s_ratio_poster/public/p453965424.webp,/movie/1974514/
527,522,绪方贤一 ,https://img3.doubanio.com/view/celebrity/s_ratio_celebrity/public/p23773.webp,/people/1003737/
528,527,天下霸道之,https://img3.doubanio.com/view/photo/s_ratio_poster/public/p454024303.webp,/movie/1464451/
531,522,田中秀幸 ,https://img1.doubanio.com/view/celebrity/s_ratio_celebrity/public/p32677.webp,/people/1042168/
532,531,银河英雄传,https://img3.doubanio.com/view/photo/s_ratio_poster/public/p2518590956.webp,/movie/3542229/
536,521,海贼王剧场,https://img3.doubanio.com/view/photo/s_ratio_poster/public/p2300514062.webp,/movie/1856674/
537,536,中井和哉 ,https://img3.doubanio.com/view/celebrity/s_ratio_celebrity/public/p22932.webp,/people/1037337/
538,537,微笑闪士 ,https://img3.doubanio.com/view/photo/s_ratio_poster/public/p2257383980.webp,/movie/2032820/
542,521,名侦探柯南,https://img1.doubanio.com/view/photo/s_ratio_poster/public/p453731188.webp,/movie/2286642/
543,542,劳拉·贝莉,https://img3.doubanio.com/view/celebrity/s_ratio_celebrity/public/p1459273744.42.webp,/people/1191469/
544,543,康斯坦丁：,https://img1.doubanio.com/view/photo/s_ratio_poster/public/p2536561659.webp,/movie/30299345/
548,521,相聚一刻番,https://img3.doubanio.com/view/subject/l/public/s4629556.jpg,/movie/5968820/
549,548,二又一成 ,https://img1.doubanio.com/view/celebrity/s_ratio_celebrity/public/p1357743510.99.webp,/people/1033902/
550,549,代号基亚斯,https://img3.doubanio.com/view/photo/s_ratio_poster/public/p2499190654.webp,/movie/26923131/
555,484,石田太郎 ,https://img3.doubanio.com/view/celebrity/s_ratio_celebrity/public/p39201.webp,/people/1033890/
556,555,阿信的故事,https://img3.doubanio.com/view/photo/s_ratio_poster/public/p2502852036.webp,/movie/5173048/
557,556,田中裕子 ,https://img3.doubanio.com/view/celebrity/s_ratio_celebrity/public/p32232.webp,/people/1045811/
558,557,天城峡疑案,https://img3.doubanio.com/view/photo/s_ratio_poster/public/p2546918723.webp,/movie/1304054/
562,555,守灵夜 寝,https://img3.doubanio.com/view/photo/s_ratio_poster/public/p928116924.webp,/movie/1806013/
563,562,Rober,https://img3.doubanio.com/f/movie/8dd0c794499fe925ae2ae89ee30cd225750457b4/pics/movie/celebrity-default-medium.png,/people/1252771/
564,563,哥斯拉之终,https://img3.doubanio.com/view/photo/s_ratio_poster/public/p2181777601.webp,/movie/1422931/
567,562,津川雅彦 ,https://img3.doubanio.com/view/celebrity/s_ratio_celebrity/public/p6144.webp,/people/1016987/
568,567,日本的夜与,https://img3.doubanio.com/view/photo/s_ratio_poster/public/p2512236160.webp,/movie/1306659/
571,562,中岛罗茂 ,https://img3.doubanio.com/f/movie/8dd0c794499fe925ae2ae89ee30cd225750457b4/pics/movie/celebrity-default-medium.png,/people/1000143/
572,571,武士畅想曲,https://img1.doubanio.com/view/photo/s_ratio_poster/public/p2521702218.webp,/movie/1305971/
576,555,生化猎人 ,https://img1.doubanio.com/view/photo/s_ratio_poster/public/p2508840328.webp,/movie/3237417/
577,576,井上和彦 ,https://img1.doubanio.com/view/celebrity/s_ratio_celebrity/public/p5198.webp,/people/1003523/
578,577,银河英雄传,https://img3.doubanio.com/view/photo/s_ratio_poster/public/p486657453.webp,/movie/3542206/
581,576,大塚周夫 ,https://img3.doubanio.com/view/celebrity/s_ratio_celebrity/public/p1470569528.25.webp,/people/1012847/
582,581,蜡笔小新：,https://img3.doubanio.com/view/photo/s_ratio_poster/public/p2509871425.webp,/movie/3055303/
585,576,川尻善昭 ,https://img3.doubanio.com/view/celebrity/s_ratio_celebrity/public/p1650.webp,/people/1041573/
586,585,随风而逝的,https://img3.doubanio.com/view/photo/s_ratio_poster/public/p456504185.webp,/movie/1839478/
590,555,小尼莫梦乡,https://img3.doubanio.com/view/photo/s_ratio_poster/public/p1741008923.webp,/movie/3174687/
591,590,加布里埃尔,https://img3.doubanio.com/view/celebrity/s_ratio_celebrity/public/p5396.webp,/people/1069221/
592,591,机器战警2,https://img3.doubanio.com/view/photo/s_ratio_poster/public/p2243757541.webp,/movie/1298574/
596,555,20岁的微,https://img3.doubanio.com/view/photo/s_ratio_poster/public/p2241723311.webp,/movie/1401530/
597,596,桥口亮辅 ,https://img1.doubanio.com/view/celebrity/s_ratio_celebrity/public/p1049.webp,/people/1010913/
598,597,周围的事 ,https://img3.doubanio.com/view/photo/s_ratio_poster/public/p2387332245.webp,/movie/3105588/
603,484,纳谷悟朗 ,https://img3.doubanio.com/view/celebrity/s_ratio_celebrity/public/p25860.webp,/people/1042997/
604,603,天使的策略,https://img3.doubanio.com/view/photo/s_ratio_poster/public/p2218497161.webp,/movie/3191189/
605,604,新井里美 ,https://img1.doubanio.com/view/celebrity/s_ratio_celebrity/public/p10109.webp,/people/1274312/
606,605,妄想学生会,https://img1.doubanio.com/view/photo/s_ratio_poster/public/p2033366637.webp,/movie/24854308/
609,604,穗积隆信 ,https://img1.doubanio.com/view/celebrity/s_ratio_celebrity/public/p1530411526.17.webp,/people/1011364/
610,609,宇宙大怪兽,https://img1.doubanio.com/view/photo/s_ratio_poster/public/p1962375859.webp,/movie/2270199/
614,603,鲁邦三世：,https://img3.doubanio.com/view/photo/s_ratio_poster/public/p2476849753.webp,/movie/3433815/
615,614,佐佐木优子,https://img3.doubanio.com/view/celebrity/s_ratio_celebrity/public/p1531823983.65.webp,/people/1139925/
616,615,阿莱蒂公主,https://img3.doubanio.com/view/photo/s_ratio_poster/public/p454039805.webp,/movie/2132041/
619,614,塚田正昭 ,https://img3.doubanio.com/view/celebrity/s_ratio_celebrity/public/p1513155338.5.webp,/people/1038911/
620,619,鬼神传 鬼,https://img3.doubanio.com/view/photo/s_ratio_poster/public/p990551511.webp,/movie/4903532/
623,614,谷口高史 ,https://img3.doubanio.com/f/movie/8dd0c794499fe925ae2ae89ee30cd225750457b4/pics/movie/celebrity-default-medium.png,/people/1046591/
624,623,名侦探柯南,https://img3.doubanio.com/view/photo/s_ratio_poster/public/p1954017381.webp,/movie/2357699/
628,603,孔雀王3 ,https://img3.doubanio.com/view/photo/s_ratio_poster/public/p2191531886.webp,/movie/5407080/
629,628,关俊彦 T,https://img1.doubanio.com/view/celebrity/s_ratio_celebrity/public/p5767.webp,/people/1020051/
630,629,支配者的黄,https://img3.doubanio.com/view/photo/s_ratio_poster/public/p2503209686.webp,/movie/3229365/
633,628,玄田哲章 ,https://img3.doubanio.com/view/celebrity/s_ratio_celebrity/public/p1352734514.24.webp,/people/1048566/
634,633,龙珠Z剧场,https://img3.doubanio.com/view/photo/s_ratio_poster/public/p2513668453.webp,/movie/3554902/
638,603,鲁邦三世：,https://img3.doubanio.com/view/photo/s_ratio_poster/public/p2476848040.webp,/movie/3355582/
639,638,秋元羊介 ,https://img3.doubanio.com/view/celebrity/s_ratio_celebrity/public/p1471695788.62.webp,/people/1008572/
640,639,鲁邦三世：,https://img3.doubanio.com/view/photo/s_ratio_poster/public/p2476828344.webp,/movie/3421884/
643,638,大木民夫 ,https://img1.doubanio.com/view/celebrity/s_ratio_celebrity/public/p1503971621.79.webp,/people/1017335/
644,643,攻壳机动队,https://img3.doubanio.com/view/photo/s_ratio_poster/public/p1910922395.webp,/movie/1291936/
649,484,莫里斯·勒,https://img3.doubanio.com/f/movie/8dd0c794499fe925ae2ae89ee30cd225750457b4/pics/movie/celebrity-default-medium.png,/people/1043473/
650,649,绅士大盗 ,https://img3.doubanio.com/view/photo/s_ratio_poster/public/p840648080.webp,/movie/1419965/
651,650,德里克布伦,https://img3.doubanio.com/f/movie/8dd0c794499fe925ae2ae89ee30cd225750457b4/pics/movie/celebrity-default-medium.png,/people/1192818/
652,651,诸神混乱之,https://img3.doubanio.com/view/photo/s_ratio_poster/public/p1775859403.webp,/movie/1308835/
655,650,维克多劳奇,https://img3.doubanio.com/f/movie/8dd0c794499fe925ae2ae89ee30cd225750457b4/pics/movie/celebrity-default-medium.png,/people/1184911/
656,655,埃及艳后的,https://img3.doubanio.com/view/photo/s_ratio_poster/public/p840379775.webp,/movie/1305010/
659,650,纪尧姆·休,https://img3.doubanio.com/f/movie/8dd0c794499fe925ae2ae89ee30cd225750457b4/pics/movie/celebrity-default-medium.png,/people/1197894/
662,649,鲁邦三世V,https://img1.doubanio.com/view/photo/s_ratio_poster/public/p2200294397.webp,/movie/3612790/
663,662,井上真树夫,https://img3.doubanio.com/view/celebrity/s_ratio_celebrity/public/p25861.webp,/people/1038995/
664,663,鲁邦三世之,https://img1.doubanio.com/view/photo/s_ratio_poster/public/p2541306197.webp,/movie/2273388/
667,662,高山南 M,https://img3.doubanio.com/view/celebrity/s_ratio_celebrity/public/p1542781544.93.webp,/people/1048421/
668,667,乱马1/2,https://img3.doubanio.com/view/photo/s_ratio_poster/public/p453963675.webp,/movie/1974437/
